{
  "project_info": {
    "project_number": "671889905357",
    "project_id": "consumer-price-tracking",
    "storage_bucket": "consumer-price-tracking.appspot.com"
  },
  "client": [
    {
      "client_info": {
        "mobilesdk_app_id": "1:671889905357:android:8c7ebb75106fc743ee3b84",
        "android_client_info": {
          "package_name": "com.example.ecommerce_app"
        }
      },
      "oauth_client": [
        {
          "client_id": "671889905357-6edaa2vkr9jaiesjhen5spmkuhrsh3ah.apps.googleusercontent.com",
          "client_type": 3
        }
      ],
      "api_key": [
        {
          "current_key": "AIzaSyCqrDTRWTbFJV-SOpmltKRHdWKQEx25c7I"
        }
      ],
      "services": {
        "appinvite_service": {
          "other_platform_oauth_client": [
            {
              "client_id": "671889905357-6edaa2vkr9jaiesjhen5spmkuhrsh3ah.apps.googleusercontent.com",
              "client_type": 3
            },
            {
              "client_id": "671889905357-5ns1i8r3jnikrov5l8tact7s819fcdc3.apps.googleusercontent.com",
              "client_type": 2,
              "ios_info": {
                "bundle_id": "com.example.ecommerceApp"
              }
            }
          ]
        }
      }
    }
  ],
  "configuration_version": "1"
}