{"flutter":{"platforms":{"android":{"default":{"projectId":"consumer-price-tracking","appId":"1:671889905357:android:8c7ebb75106fc743ee3b84","fileOutput":"android/app/google-services.json"}},"dart":{"lib/firebase_options.dart":{"projectId":"consumer-price-tracking","configurations":{"android":"1:671889905357:android:8c7ebb75106fc743ee3b84","ios":"1:671889905357:ios:84b4fa214a09b269ee3b84","macos":"1:671889905357:ios:84b4fa214a09b269ee3b84","web":"1:671889905357:web:2d990942c63732feee3b84","windows":"1:671889905357:web:2b2b837268925586ee3b84"}}}}}}